surah	verses	split
1	7	train
2	286	train
3	200	train
4	176	train
5	120	train
6	165	train
7	206	train
8	75	train
9	129	train
10	109	train
11	123	train
12	111	train
13	43	train
14	52	train
15	99	dev
16	128	train
17	111	train
18	110	train
19	98	train
20	135	train
21	112	train
22	78	train
23	118	train
24	64	dev
25	77	test
26	227	train
27	93	train
28	88	test
29	69	train
30	60	train
31	34	test
32	30	train
33	73	train
34	54	train
35	45	train
36	83	train
37	182	train
38	88	train
39	75	train
40	85	train
41	54	train
42	53	train
43	89	test
44	59	train
45	37	train
46	35	test
47	38	train
48	29	test
49	18	train
50	45	train
51	60	train
52	49	train
53	62	train
54	55	train
55	78	train
56	96	train
57	29	train
58	22	test
59	24	dev
60	13	train
61	14	train
62	11	train
63	11	dev
64	18	test
65	12	train
66	12	train
67	30	train
68	52	train
69	52	train
70	44	dev
71	28	train
72	28	dev
73	20	train
74	56	train
75	40	dev
76	31	train
77	50	train
78	40	dev
79	46	train
80	42	train
81	29	train
82	19	train
83	36	dev
84	25	train
85	22	train
86	17	train
87	19	train
88	26	train
89	30	train
90	20	train
91	15	train
92	21	train
93	11	train
94	8	train
95	8	train
96	19	train
97	5	dev
98	8	train
99	8	train
100	11	dev
101	11	train
102	8	train
103	3	train
104	9	train
105	5	train
106	4	train
107	7	train
108	3	train
109	6	train
110	3	train
111	5	train
112	4	train
113	5	train
114	6	test
